-- phpMyAdmin SQL Dump
-- version 4.7.0
-- https://www.phpmyadmin.net/
--
-- Host: 127.0.0.1
-- Generation Time: Apr 23, 2018 at 01:54 PM
-- Server version: 10.1.25-MariaDB
-- PHP Version: 5.6.31

SET SQL_MODE = "NO_AUTO_VALUE_ON_ZERO";
SET AUTOCOMMIT = 0;
START TRANSACTION;
SET time_zone = "+00:00";


/*!40101 SET @OLD_CHARACTER_SET_CLIENT=@@CHARACTER_SET_CLIENT */;
/*!40101 SET @OLD_CHARACTER_SET_RESULTS=@@CHARACTER_SET_RESULTS */;
/*!40101 SET @OLD_COLLATION_CONNECTION=@@COLLATION_CONNECTION */;
/*!40101 SET NAMES utf8mb4 */;

--
-- Database: `ci_226_blog_2`
--

-- --------------------------------------------------------

--
-- Stand-in structure for view `admin_post`
-- (See below for the actual view)
--
CREATE TABLE `admin_post` (
`id` int(11)
,`title` varchar(255)
,`tags` varchar(255)
,`status` text
,`body` text
,`pubdate` datetime
,`post_image` varchar(500)
,`name` varchar(255)
,`username` varchar(16)
);

-- --------------------------------------------------------

--
-- Table structure for table `ci_categories`
--

CREATE TABLE `ci_categories` (
  `id` int(11) NOT NULL,
  `name` varchar(255) NOT NULL DEFAULT '',
  `shortdesc` varchar(255) NOT NULL DEFAULT '',
  `longdesc` text NOT NULL,
  `status` enum('active','inactive') NOT NULL DEFAULT 'active',
  `sortorder` int(3) NOT NULL DEFAULT '0',
  `parentid` int(11) NOT NULL DEFAULT '0'
) ENGINE=MyISAM DEFAULT CHARSET=latin1;

--
-- Dumping data for table `ci_categories`
--

INSERT INTO `ci_categories` (`id`, `name`, `shortdesc`, `longdesc`, `status`, `sortorder`, `parentid`) VALUES
(1, 'Sports News', '', '', 'active', 0, 0),
(2, 'Political News', '', '', 'active', 1, 0),
(3, 'Technology', '', '', 'active', 2, 0),
(5, 'papon', 'papon', 'papon', 'active', 0, 0);

-- --------------------------------------------------------

--
-- Table structure for table `ci_comments`
--

CREATE TABLE `ci_comments` (
  `id` int(11) NOT NULL,
  `name` varchar(255) COLLATE utf8_unicode_ci NOT NULL,
  `email` varchar(255) COLLATE utf8_unicode_ci NOT NULL,
  `body` varchar(255) COLLATE utf8_unicode_ci NOT NULL,
  `post_id` int(11) NOT NULL,
  `pubdate` datetime NOT NULL
) ENGINE=MyISAM DEFAULT CHARSET=utf8 COLLATE=utf8_unicode_ci;

--
-- Dumping data for table `ci_comments`
--

INSERT INTO `ci_comments` (`id`, `name`, `email`, `body`, `post_id`, `pubdate`) VALUES
(1, 'Tom', 'tom@example.com', 'This is a comment.', 1, '2008-07-13 15:26:05'),
(3, 'gfgqq', 'test@gmail.com', 'comment here\r\n', 3, '2016-04-26 21:23:15'),
(4, 'Roobon', 'roobon@gmail.com', 'This is my comment', 3, '2016-04-26 21:23:37');

-- --------------------------------------------------------

--
-- Table structure for table `ci_posts`
--

CREATE TABLE `ci_posts` (
  `id` int(11) NOT NULL,
  `title` varchar(255) COLLATE utf8_unicode_ci NOT NULL,
  `tags` varchar(255) COLLATE utf8_unicode_ci NOT NULL,
  `status` text COLLATE utf8_unicode_ci NOT NULL,
  `body` text COLLATE utf8_unicode_ci NOT NULL,
  `category_id` int(11) NOT NULL,
  `pubdate` datetime NOT NULL,
  `user_id` int(11) NOT NULL,
  `post_image` varchar(500) COLLATE utf8_unicode_ci NOT NULL
) ENGINE=MyISAM DEFAULT CHARSET=utf8 COLLATE=utf8_unicode_ci;

--
-- Dumping data for table `ci_posts`
--

INSERT INTO `ci_posts` (`id`, `title`, `tags`, `status`, `body`, `category_id`, `pubdate`, `user_id`, `post_image`) VALUES
(2, 'সাকিবরা ‘সেরা’ মোস্তাফিজরা ‘দ্বিতীয় সেরা’', 'সাকিবরা মোস্তাফিজরা সেরা', 'Published', '<p>ক্রিকেটের সংক্ষিপ্ত সংস্করণে শেষের দিকে স্লোয়ার, কাটার যে বিশেষ কার্যকরী, জেমস ফকনার তা নিজেকে দিয়েই জানেন। ২০১৫ বিশ্বকাপের ফাইনালে বৈচিত্র্যপূর্ণ বোলিং দিয়েই হয়েছিলেন ম্যাচসেরা। আইপিএলেও এ ধরনের বোলিং আক্রমণকে কার্যকরী বলে মনে করেন অস্ট্রেলীয় এ অলরাউন্ডার। আর তাই ফকনারের চোখে আইপিএলে সেরা বোলিং আক্রমণ সাকিব আল হাসানদের সানরাইজার্স হায়দরাবাদ, দ্বিতীয় সেরা মোস্তাফিজুর রহমানদের মুম্বাই ইন্ডিয়ানস। ফকনার বোলিংয়ে সানরাইজার্সকে এগিয়ে রাখছেন সে দলে ভুবনেশ্বর কুমার, রশিদ খানরা আছেন বলেই, &lsquo;আমার মনে সানরাইজার্স সবচেয়ে শক্তিশালী (বোলিং আক্রমণ বিবেচনায়)। আইপিএল ছাড়াও বেশ কয়েকটি টুর্নামেন্টে দারুণ ফর্মে রয়েছেন ভুবনেশ্বর কুমার। তাই, ওঁরাই আমার এক নম্বর। এবং কবজির স্পিনার, টি-টোয়েন্টিতে শীর্ষ বোলার কে?&rsquo;।&nbsp;</p>\r\n\r\n<p>ফকনারের এই প্রশ্নটি আসলে রশিদ খানকে ইঙ্গিত করে। আইসিসি টি-টোয়েন্টি বোলারদের র&zwj;্যাঙ্কিংয়ে সানরাইজার্সের এই আফগান লেগ স্পিনার শীর্ষ বোলার। ভুবি ও রশিদ খান ছাড়াও আছেন টেস্ট ও ওয়ানডে র&zwj;্যাঙ্কিংয়ের শীর্ষ অলরাউন্ডার সাকিব। ভারতের পেসার ভুবনেশ্বর কুমার আইপিএলে এ পর্যন্ত ২ ম্যাচে ৪ উইকেট নিয়েছেন। এর মধ্যে কলকাতার বিপক্ষে সর্বশেষ ম্যাচে নিয়েছেন ৩ উইকেট। রশিদ ৩ ম্যাচে ২ উইকেট এবং সাকিব ৩ ম্যাচে ৫ উইকেট নিয়েছেন। এ ছাড়াও সিদ্ধার্থ কাউল, দীপক হুদা ও মোহাম্মদ নবীর মতো কার্যকর পার্ট-টাইম বোলারও রয়েছে সানরাইজার্স শিবিরে।</p>\r\n\r\n<p>&nbsp;</p>\r\n', 2, '2018-04-19 13:43:45', 20, ''),
(3, 'এফএম শোতে সাকিবের মজার অভিজ্ঞতা', 'আইপিএল ক্রিকেটারদের ', 'Published', '<p>আইপিএল এমনই। ক্রিকেটারদের মুখোমুখি হতে হয় নানা অভিজ্ঞতার। মাঠে কিংবা মাঠের বাইরে। ২০১১ সাল থেকে ক্রিকেট দুনিয়ার সবচেয়ে জমজমাট টি-টোয়েন্টি লিগে খেলছেন সাকিব আল হাসান। এবার কলকাতা নাইট রাইডার্স ছেড়ে সানরাইজার্স হায়দরাবাদে আসার পর অভিজ্ঞতার মাত্রাটা একটু ভিন্নই হচ্ছে তাঁর। মাঠে কেন্দ্রীয় ভূমিকাটা তো আছেই। মাঠের বাইরেও নানামুখী কার্যক্রমে যুক্ত হতে হচ্ছে তাঁকে। কিন্তু তাঁকে যে এমএম রেডিওর প্র্যাঙ্কের মুখোমুখি হতে হবে, সেটা বোধ হয় তিনি নিজেও ভাবেননি।</p>\r\n\r\n<p>ভারতের জনপ্রিয় এমএম রেডিও চ্যানেল &lsquo;রেড এফএম&rsquo;। দিল্লিভিত্তিক এই রেডিও স্টেশনটির অনুষ্ঠান শোনা যায় দিল্লি ছাড়াও মুম্বাই, পুনে, কলকাতা, ইন্দোর, সুরাট, ভূপাল প্রভৃতি শহরে। এই রেডিও চ্যানেলেরই একটি জনপ্রিয় প্র্যাঙ্ক অনুষ্ঠানে নন্দ কিশোর বৈরাগীর মুখোমুখি হয়েছিলেন সাকিব আল হাসান। সেখানে অদ্ভুত সব প্রশ্নে ছুড়ে দেওয়া হচ্ছিল সাকিবের দিকে। প্রশ্ন শুনে হোঁচট খেলেও বুদ্ধি ব্যবহার করেই নন্দ কিশোর বৈরাগীর বেয়ারা প্রশ্নগুলো সামাল দিয়েছেন বাংলাদেশের তারকা অলরাউন্ডার।</p>\r\n\r\n<p>&nbsp;</p>\r\n', 1, '2018-04-19 13:18:46', 21, ''),
(4, 'Shakib hopeful of being fit for Zimbabwe tour', 'Sakib', 'published', 'Shakib Al Hasan has expressed confidence of being fit and available before Bangladesh\'s tour to Zimbabwe in April. He has been out of international cricket since November last year with a stress fracture on his shin.\r\n\r\n\"Hopefully I will be fit and available before the tour of Zimbabwe,\" Shakib said in Dhaka. \"I started running from yesterday (Saturday) under the guidance of [National Academy trainer] Stuart Karppinen and did not feel any discomfort.\"\r\n\r\n\"But as far as my cricketing fitness is concerned, I am still getting there because I haven\'t yet started batting or bowling. By next week, I will start with bat and ball to regain the fitness required to play at competitive level.\"\r\n\r\nShakib underwent an operation on his right calf in Sydney last month as a result of which he missed Bangladesh\'s tour to Sri Lanka.\r\n\r\nBangladesh have been setback by a spate of injuries. After Shakib was ruled out of Sri Lanka tour, Enamul Haque Jr, Naeem Islam, Shahriar Nafees, Mashrafe Mortaza, Shafiul Islam, Nazmul Hossain and Tamim Iqbal have all pulled out of the tour at some stage.\r\n\r\nShakib blamed the cricket schedule for the long list of injuries. \"If you look at the calendar, you\'ll notice that we have been playing a lot of cricket lately, both domestic and international.\r\n\r\n\"So these kinds of injuries can happen on a regular basis. But at the same time, this helps newer players to get opportunities,\" he said.', 1, '2013-03-26 10:49:46', 22, ''),
(11, 'Nation pays homage to Liberation War martyrs', 'Independence Day', 'Published', '<p>Riding on a dear one&rsquo;s shoulder, a girl is seen going to place flowers at the National Martyrs Memorial in Savar marking the 43rd Independence Day on Tuesday (March 26). Photo: Anisur Rahman The nation paid rich tributes to the dauntless Bangalees who sacrificed their lives for the liberation of their motherland in 1971. Acting president Abdul Hamid and Prime Minister Sheikh Hasina led the nation in paying homage to the martyrs placing floral wreaths at the National Martyrs Memorial in Savar marking the 43rd Independence Day. The acting president and the prime minister placed wreaths at the altar of the Memorial around 5:57am. After placing the wreaths, they stood in solemn silence there for some time as a mark of profound respect to the memories of the martyrs of the Liberation War. The bugle played the last post and a smartly turned out contingent of the army, navy and air force presented state salute on the occasion. Hasina as the president of Awami League placed a wreath at the National Memorial on behalf of her party along with the AL senior leaders. Chief Justice M Muzammel Hossain, Deputy Leader of Parliament Syeda Sajeda Chowdhury, ministers, advisers to the prime minister, state ministers, chiefs of the three services, diplomats, high civil and military officials, freedom fighters, other dignitaries and senior leaders of Awami League were present. Later, the acting president signed the visitor&rsquo;s book at the memorial.</p>\r\n', 2, '2018-04-18 13:48:46', 23, ''),
(24, 'রাইড শেয়ারিংয়ে ভোগান্তি হলে কী করবেন', 'রাইড, শেয়ারিং, ', 'Published', '<p>রাইড শেয়ারিং অ্যাপের ব্যবহার বেড়েছে। পাশাপাশি এ সেবা নিতে গিয়ে বিরূপ অভিজ্ঞতার সংখ্যাও কম নয়।</p>\r\n\r\n<p>মাহিনূর ইসলাম এ রকমই একটি সেবা নিতে গিয়ে চালকের কাছ থেকে দুর্ব্যবহারের শিকার হয়েছেন। অভিযোগ করেছেন সংশ্লিষ্ট রাইড শেয়ারিং কর্তৃপক্ষকে। তারা বিষয়টি দেখবেন বলে মাহিনূরকে জানিয়েছেন।<br />\r\n<br />\r\nপ্রতিটি অ্যাপেই চালক ও সেবার বিষয়টি নিয়ে রেটিংয়ের ব্যবস্থা আছে। খারাপ অভিজ্ঞতা হলে উবারের &lsquo;ইউর ট্রিপস&rsquo; অপশনে গেলে &lsquo;হেল্প&rsquo; নামে আরেকটি অপশন আসবে। সেখানে বিভিন্ন অভিযোগের ধরন আছে। যাত্রী নিজের সমস্যা অনুযায়ী অভিযোগ জানাতে পারবেন।<br />\r\n<br />\r\nপাঠাওয়ের &lsquo;হিস্ট্রি&rsquo; অপশনে গিয়ে চালক সম্পর্কে ও ভ্রমণের অভিজ্ঞতা জানানোর সুযোগ আছে। সমস্যার ধরন অনুযায়ী অভিযোগ জানানো যাবে। পাঠাওয়ের কল সেন্টারও আছে। এ ছাড়া ০৯৬৭৮১০০৮০০ নম্বরে ফোন করেও অভিযোগ জানানো যায়। শেয়ার আ মোটরসাইকেলের (স্যাম) অ্যাপসে &lsquo;হেল্প&rsquo; অপশনে ক্লিক করলেই সরাসরি তাদের কল সেন্টারে ফোন চলে যাবে। এ ছাড়া আমার বাইক, আমার রাইড, ইজিয়ার, লেটস গো, মুভ, ডাকোসহ অনেকগুলো এখন এই সেবা দিয়ে যাচ্ছে। প্রতিটি অ্যাপেই অভিযোগ জানানোর সুযোগ আছে এবং নিয়মটাও প্রায় একই।<br />\r\n<br />\r\n২০১৫ সাল থেকে দেশে রাইড শেয়ারিং অ্যাপের মাধ্যমে নগরে বিভিন্ন গন্তব্যে চলাচলের সুযোগ চালু হয়।<br />\r\n<br />\r\nগেল বছর অনেকগুলো রাইড শেয়ারিং অ্যাপ চালুর ঘোষণা আসে। সরকার এ বছরের জানুয়ারিতে রাইড শেয়ারিং নীতিমালা-২০১৭-এর খসড়া অনুমোদন দেয়। এখানেও বলা আছে, শৃঙ্খলাপরিপন্থী কোনো কর্মকাণ্ড দেখলে মোটরযান অধ্যাদেশ ১৯৮৭-এর সংশ্লিষ্ট ধারা অনুযায়ী ব্যবস্থা নেওয়া হবে। তবে অভিযোগ জানানো হলে কর্তৃপক্ষ কী ধরনের ব্যবস্থা নেয়, তা জানা যায় না।<br />\r\n<br />\r\nআবু তাওহিদ নামের এক সেবাগ্রহীতা বলেন, &lsquo;একবার অভিযোগ করি। তারা জানিয়েছে ব্যবস্থা নেবে। আসলে আমরা তো জানতে পারছি না আদৌ তারা ব্যবস্থা নেয় কি না। কারণ, এরপরে তারা আমাদের কিছু জানায় না।&rsquo;<br />\r\n<br />\r\nপাঠাওয়ের অপারেশনস ম্যানেজার আবদুল্লাহ আল ওয়াসিফ প্রথম আলোকে বলেন, &lsquo;অ্যাপে অভিযোগ জানানো ছাড়াও আমাদের কাস্টমার কেয়ার সেন্টার আছে। সেখানে ফোন দিয়ে অভিযোগ জানানো যায়।&rsquo; অভিযোগের পরিপ্রেক্ষিতে কী ধরনের ব্যবস্থা নেওয়া হয়, তা জানতে চাইলে তিনি বলেন, দুপক্ষ থেকে অভিযোগের বিষয়টি সম্পর্কে জানা হয়। গুরুত্ব বিবেচনা করে সাময়িক বা স্থায়ী বরখাস্ত করা হয়। আবদুল্লাহ বলেন, মানসম্পন্ন সেবার বিষয়ে গুরুত্ব দেওয়া হয়।</p>\r\n\r\n<p>অভিযোগকারীকে শাস্তিমূলক ব্যবস্থা না জানানোর কারণ সম্পর্কে আবদুল্লাহ বলেন, অভিযোগকারীকে জানালে তিনি যদি তা স্বাভাবিক না নেন, তবে নতুন ঝামেলা তৈরি হতে পারে।</p>\r\n', 2, '2018-04-19 08:06:27', 24, ''),
(26, 'লন্ডনে বাংলাদেশের ক্রীড়া উপমন্ত্রী আরিফ খান জয়ের ওপর হামলা', 'লন্ডনে ,ক্রীড়া ', '', '<p>লন্ডনে যুক্তরাজ্য বিএনপির নেতা-কর্মীদের হামলার শিকার হয়েছেন বাংলাদেশের ক্রীড়া উপমন্ত্রী আরিফ খান জয়। ছবি: সংগৃহীতলন্ডনে যুক্তরাজ্য বিএনপির নেতা-কর্মীদের হামলার শিকার হয়েছেন বাংলাদেশের ক্রীড়া উপমন্ত্রী আরিফ খান জয়। গতকাল বুধবার স্থানীয় সময় বিকেলে ওয়েস্টমিনস্টারের দ্বিতীয় কুইন এলিজাবেথ কনফারেন্স সেন্টারের সামনে এ ঘটনা ঘটে।&nbsp;<br />\r\nসেখানে বিক্ষোভ করছিলেন যুক্তরাজ্য শাখা বিএনপির নেতা-কর্মীরা। ওই বিক্ষোভ থেকে উপমন্ত্রী জয়ের ওপর হামলা হয়। এ ঘটনায় পুলিশ দুজনকে আটক করেছে।&nbsp;<br />\r\nকমনওয়েলথ শীর্ষ সম্মেলনে যোগ দিতে প্রধানমন্ত্রী শেখ হাসিনা বর্তমানে লন্ডনে অবস্থান করছেন। তাঁর এই সফরের বিরুদ্ধে প্রতিদিন বিক্ষোভ করছেন যুক্তরাজ্য বিএনপির নেতা- কর্মীরা।&nbsp;<br />\r\nগতকাল স্থানীয় সময় বেলা সাড়ে তিনটা থেকে দ্বিতীয় কুইন এলিজাবেথ কনফারেন্স সেন্টারে সরকারপ্রধানদের বৈঠকে যোগ দেন প্রধানমন্ত্রী শেখ হাসিনা। কনফারেন্স সেন্টারের বাইরে বিক্ষোভ করছিলেন যুক্তরাজ্য বিএনপির নেতা-কর্মীরা। পাশেই প্রধানমন্ত্রী শেখ হাসিনার সফরকে স্বাগত জানিয়ে স্লোগান দিচ্ছিলেন যুক্তরাজ্য শাখা আওয়ামী লীগের নেতা-কর্মীরা।&nbsp;<br />\r\nপ্রত্যক্ষদর্শী একাধিক ব্যক্তি প্রথম আলোকে বলেন, উপমন্ত্রী আরিফ খান জয় বিএনপির বিক্ষোভের পাশ দিয়ে হেঁটে সম্মেলন স্থলের দিকে যাচ্ছিলেন। এ সময় বিএনপির বিক্ষোভ থেকে তাঁর উদ্দেশে কটু মন্তব্য করা হয়। একপর্যায়ে উপমন্ত্রীকে শারীরিকভাবে হেনস্তা করেন কয়েকজন। এ সময় আরিফ খান দৌড়ে গিয়ে পাশের বারক্লেস ব্যাংকের সামনে গিয়ে আশ্রয় খোঁজেন। হামলাকারীরাও তাঁর পিছু নেন। পরে বিএনপির কিছু নেতা&ndash;কর্মী তাঁকে রক্ষা করেন।&nbsp;<br />\r\nসামাজিক যোগাযোগমাধ্যমে ছড়িয়ে পড়া একটি ভিডিও চিত্রে দেখা যায়, বারক্লেস ব্যাংকের সামনে উপমন্ত্রীকে ঘিরে রেখে হামলা থেকে রক্ষার চেষ্টা করছেন বিএনপির কিছু নেতা-কর্মী। তাঁরা হামলাকারীদের সরিয়ে দেওয়ার চেষ্টা করছেন। তবে হামলাকারীরা উপমন্ত্রীকে উদ্দেশে কটু মন্তব্য করেন। একজন দূর থেকে তাঁর দিকে পানি ছুড়ে মারেন। এর মধ্যে পুলিশ এসে তাঁকে উদ্ধার করে নিয়ে যায়।&nbsp;<br />\r\nযুক্তরাজ্য বিএনপির সভাপতি এম এ মালেক হামলার ঘটনা সত্যতা স্বীকার করেন। প্রথম আলোকে তিনি বলেন, &lsquo;আমরা বিক্ষোভ করার সময় আওয়ামী লীগের লোকজন আমাদের কাছে আসেন না। তিনি (আরিফ খান জয়) কেন আসলেন, আমরা বুঝলাম না।&rsquo;&nbsp;<br />\r\nএম এ মালেক বলেন, তাঁরা উপমন্ত্রীকে রক্ষা না করলে পরিস্থিতি আরও খারাপ হতো। এ ঘটনায় মারুফ ও বাপ্পি নামে দুজনকে পুলিশ আটক করেছে বলে জানান তিনি।&nbsp;<br />\r\nযুক্তরাজ্য আওয়ামী লীগের সাধারণ সম্পাদক সৈয়দ সাজিদুর রহমান ফারুক প্রথম আলোকে বলেন, &lsquo;বিদেশের মাটিতে বিএনপি যে ন্যক্কারজনক ঘটনা ঘটিয়েছে, তার নিন্দা জানানোর ভাষা খুঁজে পাওয়া কঠিন। তারা আবারও প্রমাণ করল, প্রচলিত রাজনীতির সঙ্গে তাদের কোনো সম্পর্ক নেই। তারা কেবলই সন্ত্রাসী সংগঠন। এই সমস্ত সন্ত্রাস ও জঙ্গিবাদী রাজনীতির সঙ্গে বাংলাদেশের গণমানুষের কোনো সম্পর্ক নেই।&rsquo;</p>\r\n', 2, '2018-04-19 08:09:25', 20, ''),
(25, 'সৌদি আরবে আগুনে ৬ বাংলাদেশির মৃত্যু', 'সৌদি ,আরবে ', 'Pending', '<p>সৌদি আরবের হাইল প্রদেশের হুলাইফা এলাকায় অগ্নিকাণ্ডে চার বাংলাদেশি পরিবারের ছয়জন মারা গেছেন। গুরুতর আহত অবস্থায় চিকিৎসাধীন একজন।</p>\r\n\r\n<p>গতকাল বুধবার দিবাগত রাত তিনটার দিকে এই প্রবাসীদের বাসায় এ দুর্ঘটনা ঘটে। সৌদি আরবের বাংলাদেশ দূতাবাস থেকে পাঠানো এক বিজ্ঞপ্তিতে হতাহত ব্যক্তির সংখ্যা জানানো হলেও আগুন লাগার কারণ বলা হয়নি। তবে ইউএনবির খবরে বলা হয়, বাসায়&nbsp;<a href=\"http://www.prothomalo.com/bangladesh/article/1472536/\" target=\"_blank\">গ্যাসের সিলিন্ডার বিস্ফোরণ হয়ে এই প্রাণহানির</a>&nbsp;ঘটনা ঘটে।</p>\r\n\r\n<p>প্রাথমিকভাবে স্থানীয় সূত্রের বরাত দিয়ে দূতাবাস জানায়, নিহত ব্যক্তিদের মধ্যে লক্ষ্মীপুর জেলার কমলনগর থানার দক্ষিণ চারমাটি গ্রামের মো. নাসিরের ছেলে দুই সহোদর জসীমউদ্দিন ও ইব্রাহীম। আরও রয়েছেন কুমিল্লার চৌদ্দগ্রাম উপজেলার বসন্তপুর গ্রামের আবদুল হকের ছেলে ইমরানুল হক ও ইমামুল হক। চৌদ্দগ্রামের গুণবতী ইউনিয়নের শ্রীপুরের সিরাজুল ইসলামের ছেলে মো. সোহেল ও ফেনী সদরের মহিউদ্দিন রাসেল।</p>\r\n\r\n<p>বিজ্ঞপ্তিতে জানানো হয়, চৌদ্দগ্রাম উপজেলার আনিসুর রহমান সংকটাপন্ন অবস্থায় হাইল হাসপাতালে চিকিৎসাধীন। এ ব্যাপারে রিয়াদে বাংলাদেশ দূতাবাস থেকে সার্বক্ষণিক যোগাযোগ রাখা হচ্ছে। আইনি প্রক্রিয়া শেষে লাশ দ্রুত বাংলাদেশে ফেরত পাঠানোর ব্যবস্থা করা হবে।</p>\r\n', 2, '2018-04-19 08:07:40', 21, ''),
(27, 'লিভারপুলের জন্য যাঁর ‘নির্ঘুম তিন মাস’', 'নির্ঘুম মাস', 'Draft', '<p>১৩ বছর আগে ইস্তাম্বুলের সেই &lsquo;অলৌকিক&rsquo; রাত মনে আছে? চ্যাম্পিয়নস লিগের ইতিহাস যে রাতকে মনে রেখেছে &lsquo;মিরাকল অব ইস্তাম্বুল&rsquo; নামে। লিভারপুল সমর্থকদের জন্য তা চিরস্মরণীয়। কিন্তু এসি মিলানের সমর্থকেরা নিশ্চয়ই রাতটা ভুলে থাকতে চান। তবে অমন হার চাইলেই ভুলে থাকা যায় না। আদ্রিয়ানো গ্যালিয়ানিও ভুলতে পারেননি। মিলানের এই সাবেক প্রধান নির্বাহীর ভাষ্য, সেই রাতের পর তিন মাস ঘুমোতে পারেননি!</p>\r\n\r\n<p>২০০৫ সালে চ্যাম্পিয়নস লিগের সেই ফাইনালের প্রসঙ্গ গ্যালিয়ানির এত দিন পর টেনে তোলার কারণ আছে। এবার যে চ্যাম্পিয়নস লিগের সেমিফাইনালে সেই লিভারপুলের মুখোমুখি হবে ইতালিয়ান ক্লাব এএস রোমা। ইস্তাম্বুলের সেই ফাইনাল যাঁরা দেখেছেন কিংবা ম্যাচের ফল জানেন তাঁরা বুঝতেই পারছেন গ্যালিয়ানি এবার কোন দলকে সমর্থন করবেন। ঠিকই ধরেছেন, এএস রোমা।</p>\r\n', 1, '2018-04-19 08:11:34', 22, ''),
(28, 'সিরিয়ায় সেনা পাঠাতে চায় সৌদি আরব', 'সিরিয়ায় সেনা ', 'Published', '<p>আন্তর্জাতিক জোটের অংশ হিসেবে সিরিয়ায় সেনাসদস্য পাঠাতে চায় সৌদি আরব। এ নিয়ে যুক্তরাষ্ট্রের সঙ্গে আলোচনা করেছে দেশটি। রিয়াদে জাতিসংঘের মহাসচিব অ্যান্তেনিও গুতেরেসের সঙ্গে যৌথ সংবাদ সম্মেলনে সৌদি পররাষ্ট্রমন্ত্রী আদেল আল জুবায়ের এ কথা জানিয়েছেন।</p>\r\n\r\n<p>মার্কিন প্রেসিডেন্ট ডোনাল্ড ট্রাম্প একটি আরব বাহিনী গঠন করতে চান। এটি জানার পরই সৌদি আরবের পক্ষ থেকে এ ঘোষণা এল।<br />\r\n<br />\r\nগতকাল মঙ্গলবার আদেল আল জুবায়ের বলেন, &lsquo;সেনা মোতায়েনের এই প্রস্তাব নতুন নয়। সাবেক মার্কিন প্রেসিডেন্ট বারাক ওবামাকেও সৌদি আরব একই প্রস্তাব দিয়েছিল। আমরা বিষয়টি নিয়ে এখনো যুক্তরাষ্ট্রের সঙ্গে আলোচনা অব্যাহত রেখেছি। সিরিয়ায় সেনা পাঠানোর বিষয়ে গৃহযুদ্ধ শুরুর পর থেকেই এ নিয়ে আমরা আলোচনা করেছি।&rsquo;</p>\r\n\r\n<p>এর আগে ২০১৬ সালে মধ্যপ্রাচ্যভিত্তিক জঙ্গিগোষ্ঠী আইএসের বিরুদ্ধে যুদ্ধে সিরিয়ায় সেনা পাঠাতে প্রস্তুত বলে ঘোষণা করেছিল সৌদি আরব।</p>\r\n\r\n<p>২০১৪ সালের শুরু থেকে আইএসকে হটাতে বিমান হামলায় অংশ নিয়েছিল সৌদি আরব। তবে স্থল অভিযানে সেনা মোতায়েন বন্ধ রেখেছিল দেশটি।</p>\r\n\r\n<p>এর আগে ওয়ালস্ট্রিট জার্নালের খবরে বলা হয়েছে, মার্কিন প্রেসিডেন্ট ডোনাল্ড ট্রাম্প একটি আরব বাহিনী গঠন করতে চাচ্ছেন। যাতে সৌদি আরব ও আমিরাতের সেনারাও অংশ নেবেন। মূলত সিরিয়ায় মার্কিন সেনাদের স্থলাভিষিক্ত করতেই তিনি এ বাহিনী গঠন করতে চাচ্ছেন।</p>\r\n\r\n<p>তবে ট্রাম্পের নতুন নিয়োগপ্রাপ্ত জাতীয় নিরাপত্তা উপদেষ্টা জন বোল্টন আশা করছেন, মিসরও এ বাহিনীর অন্তর্ভুক্ত হবে।</p>\r\n\r\n<p>তবে সৌদি পরিকল্পনা নিয়ে খুবই সতর্ক রয়েছেন যুক্তরাষ্ট্রের নিরাপত্তা কর্মকর্তারা। সৌদি বাহিনীর সক্ষমতা নিয়ে তাঁদের মধ্যে উদ্বেগ রয়েছে।<br />\r\nএই মুহূর্তে সিরিয়ায় দুই হাজার মার্কিন সৈন্য রয়েছে বলে পেন্টাগন জানিয়েছে।</p>\r\n\r\n<p>সিরিয়ার প্রেসিডেন্ট বাশার আল-আসাদের বাহিনীর বিরুদ্ধে রাসায়নিক অস্ত্র হামলার অভিযোগ তুলে গত শুক্রবার রাতে দেশটিতে ক্ষেপণাস্ত্র হামলা চালায় যুক্তরাষ্ট্র, যুক্তরাজ্য ও ফ্রান্স। সিএনএনের খবরে বলা হয়েছে, হামলায় তিনটি দেশই সর্বাধুনিক প্রযুক্তির অস্ত্র ব্যবহার করেছে। লোহিত সাগরে অবস্থান করা মার্কিন যুদ্ধজাহাজ থেকে ক্ষেপণাস্ত্র ছোড়া হয়। এ ছাড়া যুক্তরাষ্ট্র বি-১ ল্যান্সার বোমারু উড়োজাহাজও ব্যবহার করেছে। পেন্টাগনের একটি সূত্র জানিয়েছে, সিরিয়ার তিনটি স্থানকে লক্ষ্য করে মোট ১০৫টি ক্ষেপণাস্ত্র ছোড়া হয়। এর মধ্যে রয়েছে কমপক্ষে ৫৯টি টমাহক মিসাইল। এ ছাড়া বি-১ ল্যান্সার বোমারু উড়োজাহাজ থেকে নিক্ষেপ করা হয় ১৯টি&nbsp;</p>\r\n', 2, '2018-04-19 13:41:13', 23, ''),
(29, 'zxz', 'zxzxzxzx', 'Published', '<p>zxzxzxz</p>\r\n', 2, '2018-04-19 13:52:56', 24, ''),
(30, 'dfdfdfd', 'dfdf', 'Pending', '<p>dfdfdf</p>\r\n', 3, '2018-04-19 13:35:30', 20, ''),
(31, 'df', 'fdf', 'Published', '<p>df</p>\r\n', 5, '2018-04-22 09:36:05', 22, 'http://localhost/ci_226_blog_2/post_images/download.jpg'),
(32, 'xcc', 'xcxcxc', 'Published', '<p>xccxc</p>\r\n', 3, '2018-04-22 09:35:47', 22, 'http://localhost/ci_226_blog_2/post_images/5_-_Micro_Bus_(Standard_Roof_1).png.ximg_.l_full_m_.smart_.png'),
(33, 'dfdf', 'dfdfd', 'Pending', '<p>dfdfdf</p>\r\n', 3, '2018-04-22 09:35:33', 22, 'http://localhost/ci_226_blog_2/post_images/1378322_0_original.jpg'),
(34, 'aaaaa', 'aaaaa', 'Published', '<p>aaaaaaaa</p>\r\n', 3, '2018-04-22 09:35:21', 22, 'http://localhost/ci_226_blog_2/post_images/9t-gallery-0111.jpg'),
(35, 'asdsd', 'dsdssd', 'Published', '<p>sdsd</p>\r\n', 5, '2018-04-22 09:35:05', 22, 'http://localhost/ci_226_blog_2/post_images/gfggi.jpg'),
(36, ' এমআইটির দুই বাংলাদেশি কন্যার কথা', 'এমআইটির ', 'Published', '<p><strong>এমআইটির আগে ও পরে...</strong><br />\r\nআমি চট্টগ্রামের মেয়ে। ইস্পাহানি পাবলিক স্কুল ও চট্টগ্রাম কলেজে পড়েছি। ২০০৩ বা ২০০৪ সাল থেকে গণিত অলিম্পিয়াডের সঙ্গে আমার পরিচয়। শুরুর দিকে রেজাল্ট খুব একটা ভালো ছিল না। ২০০৭ সালে প্রথম জাতীয় পর্যায়ে আসি, গণিত ক্যাম্পে অংশ নেওয়ার সুযোগ পাই। ২০০৭ থেকে ২০০৯, পরপর তিনবার আন্তর্জাতিক গণিত অলিম্পিয়াডে অংশ নিয়েছি। ২০০৯ সালে বাংলাদেশ প্রথম দুটি ব্রোঞ্জ পদক পেল। একটি ছিল আমার। গণিত অলিম্পিয়াডের পদক পাওয়ার পরই আত্মবিশ্বাস জন্মেছিল, হয়তো ভালো কোথাও পড়তে পারব। প্রিন্সটন, স্ট্যানফোর্ডসহ আরও বেশ কয়েকটা বিশ্ববিদ্যালয়ে সুযোগ পেলাম। শেষ পর্যন্ত আমি বেছে নিলাম এমআইটি। স্নাতক শেষ হয়েছে ২০১৪ সালে। জীববিজ্ঞান ছিল আমার মেজর (মূল বিষয়)। এখন ডিউক ইউনিভার্সিটি এবং ন্যাশনাল ইউনিভার্সিটি অব সিঙ্গাপুরের একটা যৌথ প্রকল্পে &lsquo;ডক্টর অব মেডিসিন&rsquo; করছি। চার বছরের কোর্স, আমার শেষ বর্ষ চলছে। আমার গবেষণার বিষয় কার্ডিওলজি। এর আগে ক্যানসার নিয়ে গবেষণা করেছি। পড়া শেষ হলেই দেশে ফিরব। মেডিসিন নিয়ে আরও পড়তে চাই। স্বাস্থ্যনীতি নিয়েও আমার আগ্রহ আছে। সরকারি পর্যায়ে দেশে বড় কোনো পদে কাজ করতে হলে বিসিএস দিতে হয়, তাই মা চান আমি বিসিএস দিই।<br />\r\n<br />\r\n<strong>ক্যাম্পাসজীবন...</strong><br />\r\nশুরুতে খারাপ দিকটা বলি। পড়ার চাপ অনেক বেশি! নিয়মিত হোমওয়ার্ক করতে হয়। একগাদা সমস্যা, সেগুলোর সমাধান করতে লেগে যায় পুরো সপ্তাহ। সুবিধা হলো, চাইলেই শিক্ষক আর সিনিয়রদের সাহায্য পাওয়া যায়। তাঁরা হয়তো সমস্যার সমাধান করে দেবেন না, কিন্তু ধরিয়ে দেবেন। সে জন্য শুধু সাহায্য চাওয়ার ইচ্ছেটা থাকতে হয়। এমআইটিতে পড়ার মজাও আছে অনেক। ওখানে যেহেতু সবাই মোটামুটি সমমনা, তাই বন্ধুত্ব হতে সময় লাগে না। আমি ডর্মে থেকেছি। রাতে খাবার টেবিলে বসে কত যে গল্প হতো! অর্থনীতি থেকে রাজনীতি, কিচ্ছু বাদ যেত না। মনে আছে একবার রাত দুইটার সময় আমরা আটলান্টিকের পাড়ে বেড়াতে চলে গিয়েছিলাম। মাঝেমধ্যে সবাই মিলে গান গাইতাম। হোক সেটা ইংরেজি কিংবা বাংলা। ভাষা না বুঝলেও সবাই তালি তো দিতে পারে!</p>\r\n', 2, '2018-04-22 09:28:34', 22, 'http://localhost/ci_226_blog_2/post_images/982.jpg'),
(37, ' ঢাকা বিশ্ববিদ্যালয়ের শিক্ষকেরা শিক্ষার্থীদের নিরাপত্তার জন্য বিশেষ সেল গঠনের দাবি জানিয়েছেন', 'ঢাকা বিশ্ববিদ্যালয়ের ', 'Published', '<p>ঢাকা বিশ্ববিদ্যালয়ের অপরাজেয় বাংলার পাদদেশে সচেতন শিক্ষকবৃন্দ &lsquo;ছাত্র-ছাত্রীদের নিরাপত্তা মর্যাদা রক্ষা কর&rsquo; শীর্ষক মানববন্ধন করেন। ছবি: প্রথম আলোরাষ্ট্রীয় বাহিনী বা বেসরকারি কোনো গোষ্ঠী দ্বারা শিক্ষার্থীরা যেন আক্রান্ত না হন, সে জন্য বিশেষ সেল গঠনের দাবি জানিয়েছেন সচেতন শিক্ষকবৃন্দ। এ ছাড়া শিক্ষক-শিক্ষার্থীদের নিরাপত্তা নিশ্চিতের দাবিও জানানো হয়েছে।</p>\r\n\r\n<p>আজ রোববার সকালে ঢাকা বিশ্ববিদ্যালয়ের অপরাজেয় বাংলার পাদদেশে সচেতন শিক্ষকবৃন্দ &lsquo;ছাত্রছাত্রীদের নিরাপত্তা মর্যাদা রক্ষা কর&rsquo; শীর্ষক মানববন্ধন করেন। বিশ্ববিদ্যালয়ের সাম্প্রতিক পরিস্থিতি নিয়ে উদ্বেগ প্রকাশ করে ১৮ এপ্রিল যে শিক্ষকেরা উপাচার্যের কাছে খোলা চিঠি দিয়েছিলেন, তাঁরাই এ মানববন্ধনের আয়োজন করেন।</p>\r\n\r\n<p>ঢাকা বিশ্ববিদ্যালয়ে কোটা সংস্কার আন্দোলন&ndash;পরবর্তী কিছু সমস্যা সৃষ্টি হওয়ায় এ মানববন্ধন থেকে বেশ কয়েকটি দাবি তুলে ধরে হয়। বিধিসম্মত সুনির্দিষ্ট প্রক্রিয়া ব্যতীত অন্য কোনোভাবে কারও বিরুদ্ধে ব্যবস্থা নেওয়া যাবে না, আন্দোলন চলাকালে ঘটে যাওয়া অনাকাঙ্ক্ষিত ঘটনাগুলোর সঙ্গে যাঁরা সুনির্দিষ্টভাবে জড়িত, তাঁদের বিরুদ্ধে আইনগত ব্যবস্থা নেওয়া, শিক্ষার্থীদের মতপ্রকাশের অধিকারসহ শিক্ষক-শিক্ষার্থীদের মর্যাদা সমুন্নত রাখতে হবে।</p>\r\n\r\n<p>মানববন্ধনে সভাপতির বক্তব্যে বিশ্ববিদ্যালয়ের অর্থনীতি বিভাগের অধ্যাপক এম এম আকাশ বলেন, &lsquo;বাংলাদেশের কোনো মূল্যবোধ এটা পারমিট করে না যে রাত একটা-দুইটার সময়ে মেয়েদের হল থেকে বের করে দিতে হবে। সুতরাং বাংলাদেশের যে স্বাভাবিক মূল্যবোধ, সেই মূল্যবোধ লঙ্ঘন করা হয়েছে। প্রশাসনে আমরা যাঁদের মনোনীত করেছি, তাঁরা সেই মূল্যবোধ লঙ্ঘন করেছেন।&rsquo; তিনি আরও বলেন, সুফিয়া কামাল হলে যে ঘটনা ঘটেছে, তার সঠিকভাবে তদন্ত করা যেত। ওই রাতটা অপেক্ষা করে সাইবার বিশেষজ্ঞদের সাহায্যে ভুয়া স্ট্যাটাস যারা ছড়িয়েছে, তাদের বের করা যেত। হলগুলোতে সামন্ত প্রভুত্ব কায়েম করা হয়েছে। হল প্রশাসন দল না শিক্ষার্থীদের স্বার্থ দেখবে, সে বিষয়ে দোদুল্যমান থাকে।</p>\r\n', 2, '2018-04-22 09:29:40', 22, 'http://localhost/ci_226_blog_2/post_images/7a79b.jpeg'),
(38, 'খালেদা জিয়াকে ‘আনফিট’ জানিয়ে আদালতে হাজির করা হয়নি, শুনানি ১০ মে', 'জিয়াকে খালেদা ', 'Published', '<p>জিয়া অরফানেজ ট্রাস্ট দুর্নীতি মামলায়&nbsp;<a href=\"http://www.prothomalo.com/bangladesh/article/1426756/\" target=\"_blank\">কারাবন্দী বিএনপি চেয়ারপারসন খালেদা জিয়া</a>কে &lsquo;আনফিট&rsquo; জানিয়ে আদালতে হাজির করেনি কারা কর্তৃপক্ষ। তাঁর অনুপস্থিতে জিয়া চ্যারিটেবল ট্রাস্ট দুর্নীতি মামলার পরবর্তী যুক্তিতর্ক শুনানির জন্য আগামী ১০ মে দিন ধার্য করেছেন আদালত। আজ রোববার ঢাকার বিশেষ জজ আদালত-৫-এর বিচারক মো. আখতারুজ্জামান এই দিন ধার্য করেন। এই মামলায় খালেদা জিয়ার জামিনের মেয়াদ বাড়ানো হয়েছে।</p>\r\n\r\n<p>এর আগে বেলা সাড়ে ১১টার দিকে আদালতের কার্যক্রম শুরু হয়। শুনানির শুরুতে দুর্নীতি দমন কমিশনের (দুদক) আইনজীবী মোশাররফ হোসেন কাজল আদালতকে বলেন, এই মামলায় আজ যুক্তিতর্ক শুনানির দিন ধার্য রয়েছে। কিন্তু খালেদা জিয়াকে হাজির করা হয়নি। কারাগার কর্তৃপক্ষ যে কাগজ আদালতকে দিয়েছে, তাতে দেখা যাচ্ছে, খালেদা জিয়া আদালতে আসার জন্য &lsquo;আনফিট&rsquo;।</p>\r\n\r\n<p>মোশাররফ হোসেন আরও বলেন, &lsquo;কারা কর্তৃপক্ষেরই উচিত তাঁকে আদালতে হাজির করা। এ নিয়ে তিনটি তারিখে তাঁকে হাজির করা হয়নি। আমরা হতাশ হচ্ছি।&rsquo; ভিডিও কনফারেন্স বিষয়ে আজও দুদকের এই আইনজীবী আদালতকে বলেন, &lsquo;আমরা দুই পক্ষই যদি একমত হই, তাহলে ভিডিও কনফারেন্সের মাধ্যমে আদালতের কার্যক্রম চলতে পারে। পৃথিবীর অন্যান্য দেশে এর মাধ্যমে বিচার কার্যক্রম চলছে। ভারতেও সম্প্রতি লালু প্রসাদ যাদবের বিচারপ্রক্রিয়া এভাবে হয়েছে।&rsquo;</p>\r\n\r\n<p>তবে খালেদা জিয়ার আইনজীবী সানাউল্লাহ মিয়া দুদকের এই আবেদনের বিরোধিতা করে আদালতকে বলেন, &lsquo;ভিডিও কনফারেন্সের বিষয়ে আমাদের ঘোর আপত্তি রয়েছে। এভাবে বিচার পরিচালনা হতে পারে না। প্রসিকিউশন থেকে বলা হচ্ছে খালেদা আনফিট। কী কারণে আনফিট, তা বলা হয়নি।&rsquo;</p>\r\n\r\n<p>এ সময় সানাউল্লাহ মিয়া খালেদা জিয়ার জামিন বাড়ানোর আবেদন করলে দুদক তার বিরোধিতা করে। এ সময় দুদক আইনজীবী বলেন, খালেদা জিয়া বর্তমানে কারাগারে আছেন। তাঁর বিরুদ্ধে আদালতে হাজির করার পরোয়ানা রয়েছে। এমন অবস্থায় তাঁর জামিন বাড়ানোর সুযোগ নেই।</p>\r\n\r\n<p>দুই পক্ষের শুনানি শেষে আদালত খালেদা জিয়ার জামিনের মেয়াদ আগামী ১০ মে পর্যন্ত বাড়ানোর আদেশ দেন।</p>\r\n\r\n<p>জিয়া অরফানেজ ট্রাস্ট দুর্নীতি মামলায় গত ৮ ফেব্রুয়ারি খালেদা জিয়াকে পাঁচ বছরের কারাদণ্ড দেওয়া হয়। ১০ বছর করে কারাদণ্ড দেওয়া হয় খালেদা জিয়ার ছেলে ও বিএনপির সিনিয়র ভাইস চেয়ারম্যান (বর্তমানে ভারপ্রাপ্ত চেয়ারম্যান) তারেক রহমানসহ অন্য পাঁচ আসামিকে। রায় ঘোষণার পরই সাবেক এ প্রধানমন্ত্রীকে নাজিমুদ্দিন রোডের পুরোনো কেন্দ্রীয় কারাগারকে বিশেষ কারাগার ঘোষণা দিয়ে সেখানে রাখা হয়।</p>\r\n', 2, '2018-04-22 09:30:36', 22, 'http://localhost/ci_226_blog_2/post_images/dfc1c.jpg'),
(39, ' গুজবের বাঘ ও সুফিয়া কামাল হলের রাত', 'গুজবের সুফিয়া ', 'Published', '<p>সরকারের শত্রু তালিকায় নতুন নাম যোগ হয়েছে। তার নাম গুজব। গুজব আগে কানে কানে বলা হতো, এখন বলা হয় ফেসবুকে। গুজবে গজব নেমে আসতে পারে, যেমন দেখা গিয়েছিল সংখ্যালঘু সম্প্রদায়ের বাড়িঘরে হামলার সময়। আবার গুজব গর্জন হয়ে আন্দোলন ছড়িয়ে দিতে পারে। শাহবাগ গণজাগরণ উসকে দিয়েছিল এই গুজব যে যুদ্ধাপরাধীদের বিচারের রায় নিয়ে সরকার আপস করছে। এর আগে &lsquo;যুদ্ধাপরাধীদের বিচার বন্ধে বিএনপি-জামায়াতের ষড়যন্ত্র&rsquo; বিষয়ে সরব ছিল সরকারি মহল। এই গুজবের ওপর ভিত্তি করে সরকার অনেক দমনমূলক কর্মসূচিও চালায়। তাদের বিশ্বাস, এই গুজবের বাস্তব ভিত্তি রয়েছে। যুদ্ধাপরাধের বিচার নিয়ে আপসের গুজবেরও বাস্তব ভিত্তি ছিল, তেমনি কোটা সংস্কার আন্দোলনে দমন-পীড়নের গুজবেরও বাস্তব ভিত্তি পাওয়া গেছে। যা রটে তা কিছুটা বটে।</p>\r\n\r\n<p>কোটা সংস্কার আন্দোলনের তুঙ্গে মধ্যরাতে পুলিশ ও ছাত্রলীগের যৌথ হামলার মধ্যে কয়েকজন ছাত্র বারুদ, বুলেট ও রাবার বুলেটে লুটিয়ে পড়লে গুজব ছড়িয়ে পড়ে। মধ্যরাতে সুফিয়া কামাল হলে আন্দোলনকারী একটি মেয়ের রগ কাটার গুজবও সবাইকে চমকে দিয়েছিল। সেই হল থেকে আবারও মধ্যরাতে ছাত্রী বহিষ্কারের খবর গুজবের দ্রুততায় ছড়িয়ে পড়লে নিন্দা-প্রতিবাদ ছড়াল। গুজবগুলো মিথ্যা ছিল না, সেগুলো আসলে খবরের ভগ্নাংশ। ঢাবিতে সেই রাতে সত্যিই গুলি চলেছিল এবং আশিকুর নামে এক ছাত্র সত্যিই প্রাণঘাতী বুলেটবিদ্ধ হয়ে মাটিতে লুটিয়ে পড়েছিল। তা ছাড়া রাবার বুলেটেও আহত হয়েছিল বেশ কজন ছাত্র। সত্যি সত্যিই একটি মেয়ের পায়ে ধারালো কিছুর পোচ দেওয়া হয়েছিল এবং রক্ত ঝরেছিল। হলে হলে নির্যাতন চলার খবরটিও সঠিক। কিন্তু খবরগুলো সঙ্গে সঙ্গে গণমাধ্যমে আসতে পারল না। গুলিবিদ্ধ আশিকুর এবং রক্তাক্ত পায়ের মেয়েটিকে লুকিয়ে ফেলা হলো। অথচ ঢাকা বিশ্বিবদ্যালয়ের ভিসি ও প্রক্টর স্বয়ং এশা নামের মেয়েটির বিরুদ্ধে রগ কাটার অভিযোগের সত্যতা পেয়েছেন বলে গণমাধ্যমে জানান। তাহলে কি তাঁরাও গুজব রটনাকারী হিসেবে চিহ্নিত হবেন?&nbsp;<br />\r\n<br />\r\nএমন পরিস্থিতিই গুজবের বসন্তকাল। সময়ের জ্বলন্ত প্রশ্নগুলোয় মিডিয়া হাত দিতে পারবে না, চোখ ঝলসানোর ভয়ে টিভি ক্যামেরা তা দেখবে না। সরকারি প্রেসনোটের মাঝখানে বিরাট ফুটো দেখা গেলে জানা যায়, সত্যটা ওই পথেই পগার পার। এমন দিনেই তারে বলা যায়, &lsquo;শুনেছ নাকি, আসলে কী হইছে?&rsquo;...আমাদের কালের দুর্ধর্ষ গুজবগুলো সেসব প্রশ্নেরই উত্তর অফার করে, যার উত্তর মিডিয়া কিংবা সরকারি ভাষ্যে নিখোঁজ। ধামাচাপা দেওয়া খবরই গুজবের জনক। কোনো আইন বা শাস্তিই গুজব একেবারে বন্ধ করতে পারে না। সঠিক খবর ও সত্যের প্রকাশ করুন, গুজব মিলিয়ে যাবে।</p>\r\n', 3, '2018-04-22 09:52:03', 22, 'http://localhost/ci_226_blog_2/post_images/7cd5.jpg');

-- --------------------------------------------------------

--
-- Table structure for table `ci_users`
--

CREATE TABLE `ci_users` (
  `id` int(11) NOT NULL,
  `username` varchar(16) NOT NULL DEFAULT '',
  `email` varchar(255) NOT NULL DEFAULT '',
  `status` enum('active','inactive') NOT NULL DEFAULT 'active',
  `password` varchar(128) NOT NULL DEFAULT '',
  `user_image` varchar(500) NOT NULL
) ENGINE=MyISAM DEFAULT CHARSET=latin1;

--
-- Dumping data for table `ci_users`
--

INSERT INTO `ci_users` (`id`, `username`, `email`, `status`, `password`, `user_image`) VALUES
(22, 'nazrul', 'nazrul@gmail.com', 'active', '8cb2237d0679ca88db6464eac60da96345513964', 'http://localhost/ci_226_blog_2/user_images/734_n.jpg'),
(20, 'sazzad', 'sazzad@gmail.com', 'active', '8cb2237d0679ca88db6464eac60da96345513964', 'http://localhost/ci_226_blog_2/user_images/6673_n.jpg'),
(24, 'shahed', 'shahed@gmail.com', 'active', '12345', 'http://localhost/ci_226_blog_2/user_images/n.jpg'),
(23, 'momin', 'momin@gmail.com', 'active', '8cb2237d0679ca88db6464eac60da96345513964', 'http://localhost/ci_226_blog_2/user_images/nxznp.jpeg'),
(21, 'nayem', 'nayem@yahoo.com', 'active', '8cb2237d0679ca88db6464eac60da96345513964', 'http://localhost/ci_226_blog_2/user_images/510852_n.jpg');

-- --------------------------------------------------------

--
-- Structure for view `admin_post`
--
DROP TABLE IF EXISTS `admin_post`;

CREATE ALGORITHM=UNDEFINED DEFINER=`root`@`localhost` SQL SECURITY DEFINER VIEW `admin_post`  AS  select `ci_posts`.`id` AS `id`,`ci_posts`.`title` AS `title`,`ci_posts`.`tags` AS `tags`,`ci_posts`.`status` AS `status`,`ci_posts`.`body` AS `body`,`ci_posts`.`pubdate` AS `pubdate`,`ci_posts`.`post_image` AS `post_image`,`ci_categories`.`name` AS `name`,`ci_users`.`username` AS `username` from ((`ci_posts` join `ci_categories`) join `ci_users`) where ((`ci_posts`.`category_id` = `ci_categories`.`id`) and (`ci_posts`.`user_id` = `ci_users`.`id`)) ;

--
-- Indexes for dumped tables
--

--
-- Indexes for table `ci_categories`
--
ALTER TABLE `ci_categories`
  ADD PRIMARY KEY (`id`);

--
-- Indexes for table `ci_comments`
--
ALTER TABLE `ci_comments`
  ADD PRIMARY KEY (`id`);

--
-- Indexes for table `ci_posts`
--
ALTER TABLE `ci_posts`
  ADD PRIMARY KEY (`id`);

--
-- Indexes for table `ci_users`
--
ALTER TABLE `ci_users`
  ADD PRIMARY KEY (`id`),
  ADD UNIQUE KEY `username` (`username`,`email`);

--
-- AUTO_INCREMENT for dumped tables
--

--
-- AUTO_INCREMENT for table `ci_categories`
--
ALTER TABLE `ci_categories`
  MODIFY `id` int(11) NOT NULL AUTO_INCREMENT, AUTO_INCREMENT=6;
--
-- AUTO_INCREMENT for table `ci_comments`
--
ALTER TABLE `ci_comments`
  MODIFY `id` int(11) NOT NULL AUTO_INCREMENT, AUTO_INCREMENT=5;
--
-- AUTO_INCREMENT for table `ci_posts`
--
ALTER TABLE `ci_posts`
  MODIFY `id` int(11) NOT NULL AUTO_INCREMENT, AUTO_INCREMENT=40;
--
-- AUTO_INCREMENT for table `ci_users`
--
ALTER TABLE `ci_users`
  MODIFY `id` int(11) NOT NULL AUTO_INCREMENT, AUTO_INCREMENT=25;COMMIT;

/*!40101 SET CHARACTER_SET_CLIENT=@OLD_CHARACTER_SET_CLIENT */;
/*!40101 SET CHARACTER_SET_RESULTS=@OLD_CHARACTER_SET_RESULTS */;
/*!40101 SET COLLATION_CONNECTION=@OLD_COLLATION_CONNECTION */;
